applicant_id|username|password
26030746|Quentin|VDV97KBH0RE
36747754|Paul|BIM07PMZ4DW
57681566|Richard|PGD09PMI9NO
56064084|Ronan|WGZ14CWM6JW
10361676|Cruz|GUW15DAD8TC
24301491|Michael|PON84PZG1RT
54954523|Clark|HMN52ELK8NO
63940905|Knox|JAA82FUZ3YB
31140939|Lyle|YAX47AEG1HI
39893281|Jesse|LLJ99PRJ2UE
65607022|Duncan|RQA88IWO9QJ
24852854|Vernon|FCU41OMF7EI
55478041|Ahmed|YZB37AIP8RN
51444818|Hop|NMD91ALD5CS
27005120|Jelani|YDO90UVE7OJ
17268041|Barry|XTA72KBS8IU
40187104|Harrison|HHG43VCO6LB
23160552|Gil|HDF55XQH7CY
34777989|Gabriel|OIZ18DNZ3BT
21822976|Griffin|SPH89XQT0RU
50302209|Forrest|HOX37HHN8DC
16588852|Charles|ZIA60KWM5QH
22173387|Ali|JVY13WDF9QE
35967735|Julian|EKX09KVU9RF
12561965|Acton|AWV53PTG3XI
57509541|Ciaran|IQI86ZXC9GU
64817235|Baxter|AYL84HOC1XM
26178318|Tobias|CGQ72OYI0BR
62087367|Aaron|ZQS24JYZ8DC
28367482|Kuame|CRO10PEG0IZ
28099984|Oliver|IUT24AJV8BM
69084573|Arthur|RDS63YSM9CD
15153703|Wallace|IQT26ISZ5JK
37647101|Hashim|ACI37YEC1HX
25728913|Finn|IXX66AXZ4GD
43922690|Randall|RNB13ARY8YT
59145564|Garth|XXF25CPW7KF
12072870|Elvis|DKW22NCS7AP
34545784|Grady|TAC43BQZ4GK
48806200|Nehru|XZY03SFC2QY
45946797|Jakeem|YPD51SPP4VV
35805426|Jelani|MEF62RZA3IN
47095761|Neville|BUU47PUX8NZ
21210188|Timon|TCQ16HPJ3ML
22121703|Nicholas|IRU74RAT4DZ
49734165|Nehru|TBX22FRF2RX
67232295|Kasper|YXU54CRM3ME
30546830|Silas|URJ58ZOF5ML
56253446|Basil|KEY44WEO0JA
35881334|Griffin|VLW74VRE5TO
65227060|Fitzgerald|YMR72HZT6RZ
23400816|Jared|BHN82GJW8IF
57562440|Burke|UIV94QPV4BY
52642654|Aristotle|WEP45ZVB5IH
13223265|Daniel|NGR08SRJ2XR
26538052|Abbot|HWH76XTA6PN
10274388|Macaulay|WYM86JIV3VU
13820909|Keaton|LKQ78LWX8NS
54595634|Raja|EIS04HXT0YL
20175184|Nissim|WJX67QBG1DC
24042926|Thaddeus|THP22PKF6NT
63995272|Bruno|XSG51WRF2DF
60249077|Randall|JAY07QXC7NJ
49036348|Mohammad|PTS81XUH2BE
13520108|Bert|TUE97NMB6ZL
63002345|Porter|ZRA29QRW5OK
42514198|Perry|FHH58NAT1KG
35994521|Hiram|RQI13JKC7YU
61433340|Paki|VZP75ORQ7SB
67393090|Graiden|OTC17COQ0GB
57198575|Alfonso|UVN03HGM4SG
18018345|Omar|AQC48CDN3QO
64174065|Ciaran|ZBX24YND8BY
10660021|Hector|ABU07CDJ2CM
31013558|Nolan|YJE64CEN7ZG
61082870|Blake|RFX41LNU0QU
12411340|Davis|JDW60ZEA4IK
54619337|Vaughan|PWD83NCW0KW
20186217|Jermaine|VPG76MBR3MS
66996793|Theodore|EUP73ABG2SC
36181992|Kamal|FDW45SSJ5RI
20576510|Ezekiel|OMZ71RGM9VK
35208518|Hilel|OZH33CLI4SW
47259552|Edan|FFY54CHR2NI
58400560|Amal|LUC13MED1AP
35447209|Hilel|QXR12PEN8IU
15853803|Xanthus|EXT21WQY1JJ
45920867|Brody|JJZ00EVR2JN
39769641|Honorato|OGV20UBN5NW
29074650|Brady|LOG65MJG9BT
69980725|Vaughan|WSA60ECE6QK
50125391|Marvin|FGE09KRJ8UA
48605713|Nehru|WJO89PSO8LQ
38761783|Geoffrey|ALG18DSE0NG
12821168|Trevor|WCU90ENR9XK
48469592|Ciaran|LXD88GRM1RH
12818240|Hedley|LTX45VCQ0QL
29639582|Peter|UJV07BHL8DQ
67975198|Zeph|SHV02DFP5PT
48451772|Kane|KLP54USL0MR
